ID,Requirement_Number,Objective_Number
1,3.1.1,3.1.1[a]
2,3.1.1,3.1.1[b]
3,3.1.1,3.1.1[c]
4,3.1.1,3.1.1[d]
5,3.1.1,3.1.1[e]
6,3.1.1,3.1.1[f]
7,3.1.10,3.1.10[a]
8,3.1.10,3.1.10[b]
9,3.1.10,3.1.10[c]
10,3.1.11,3.1.11[a]
11,3.1.11,3.1.11[b]
12,3.1.12,3.1.12[a]
13,3.1.12,3.1.12[b]
14,3.1.12,3.1.12[c]
15,3.1.12,3.1.12[d]
16,3.1.13,3.1.13[a]
17,3.1.13,3.1.13[b]
18,3.1.14,3.1.14[a]
19,3.1.14,3.1.14[b]
20,3.1.15,3.1.15[a]
21,3.1.15,3.1.15[b]
22,3.1.15,3.1.15[c]
23,3.1.15,3.1.15[d]
24,3.1.16,3.1.16[a]
25,3.1.16,3.1.16[b]
26,3.1.17,3.1.17[a]
27,3.1.17,3.1.17[b]
28,3.1.18,3.1.18[a]
29,3.1.18,3.1.18[b]
30,3.1.18,3.1.18[c]
31,3.1.19,3.1.19[a]
32,3.1.19,3.1.19[b]
33,3.1.2,3.1.2[a]
34,3.1.2,3.1.2[b]
35,3.1.20,3.1.20[a]
36,3.1.20,3.1.20[b]
37,3.1.20,3.1.20[c]
38,3.1.20,3.1.20[d]
39,3.1.20,3.1.20[e]
40,3.1.20,3.1.20[f]
41,3.1.21,3.1.21[a]
42,3.1.21,3.1.21[b]
43,3.1.21,3.1.21[c]
44,3.1.22,3.1.22[a]
45,3.1.22,3.1.22[b]
46,3.1.22,3.1.22[c]
47,3.1.22,3.1.22[d]
48,3.1.22,3.1.22[e]
49,3.1.3,3.1.3[a]
50,3.1.3,3.1.3[b]
51,3.1.3,3.1.3[c]
52,3.1.3,3.1.3[d]
53,3.1.3,3.1.3[e]
54,3.1.4,3.1.4[a]
55,3.1.4,3.1.4[b]
56,3.1.4,3.1.4[c]
57,3.1.5,3.1.5[a]
58,3.1.5,3.1.5[b]
59,3.1.5,3.1.5[c]
60,3.1.5,3.1.5[d]
61,3.1.6,3.1.6[a]
62,3.1.6,3.1.6[b]
63,3.1.7,3.1.7[a]
64,3.1.7,3.1.7[b]
65,3.1.7,3.1.7[c]
66,3.1.7,3.1.7[d]
67,3.1.8,3.1.8[a]
68,3.1.8,3.1.8[b]
69,3.1.9,3.1.9[a]
70,3.1.9,3.1.9[b]
71,3.10.1,3.10.1[a]
72,3.10.1,3.10.1[b]
73,3.10.1,3.10.1[c]
74,3.10.1,3.10.1[d]
75,3.10.2,3.10.2[a]
76,3.10.2,3.10.2[b]
77,3.10.2,3.10.2[c]
78,3.10.2,3.10.2[d]
79,3.10.3,3.10.3[a]
80,3.10.3,3.10.3[b]
81,3.10.4,3.10.4
82,3.10.5,3.10.5[a]
83,3.10.5,3.10.5[b]
84,3.10.5,3.10.5[c]
85,3.10.6,3.10.6[a]
86,3.10.6,3.10.6[b]
87,3.11.1,3.11.1[a]
88,3.11.1,3.11.1[b]
89,3.11.2,3.11.2[a]
90,3.11.2,3.11.2[b]
91,3.11.2,3.11.2[c]
92,3.11.2,3.11.2[d]
93,3.11.2,3.11.2[e]
94,3.11.3,3.11.3[a]
95,3.11.3,3.11.3[b]
96,3.12.1,3.12.1[a]
97,3.12.1,3.12.1[b]
98,3.12.2,3.12.2[a]
99,3.12.2,3.12.2[b]
100,3.12.2,3.12.2[c]
101,3.12.3,3.12.3
102,3.12.4,3.12.4[a]
103,3.12.4,3.12.4[b]
104,3.12.4,3.12.4[c]
105,3.12.4,3.12.4[d]
106,3.12.4,3.12.4[e]
107,3.12.4,3.12.4[f]
108,3.12.4,3.12.4[g]
109,3.12.4,3.12.4[h]
110,3.13.1,3.13.1[a]
111,3.13.1,3.13.1[b]
112,3.13.1,3.13.1[c]
113,3.13.1,3.13.1[d]
114,3.13.1,3.13.1[e]
115,3.13.1,3.13.1[f]
116,3.13.1,3.13.1[g]
117,3.13.1,3.13.1[h]
118,3.13.10,3.13.10[a]
119,3.13.10,3.13.10[b]
120,3.13.11,3.13.11
121,3.13.12,3.13.12[a]
122,3.13.12,3.13.12[b]
123,3.13.12,3.13.12[c]
124,3.13.13,3.13.13[a]
125,3.13.13,3.13.13[b]
126,3.13.14,3.13.14[a]
127,3.13.14,3.13.14[b]
128,3.13.15,3.13.15
129,3.13.16,3.13.16
130,3.13.2,3.13.2[a]
131,3.13.2,3.13.2[b]
132,3.13.2,3.13.2[c]
133,3.13.2,3.13.2[d]
134,3.13.2,3.13.2[e]
135,3.13.2,3.13.2[f]
136,3.13.3,3.13.3[a]
137,3.13.3,3.13.3[b]
138,3.13.3,3.13.3[c]
139,3.13.4,3.13.4
140,3.13.5,3.13.5[a]
141,3.13.5,3.13.5[b]
142,3.13.6,3.13.6[a]
143,3.13.6,3.13.6[b]
144,3.13.7,3.13.7
145,3.13.8,3.13.8[a]
146,3.13.8,3.13.8[b]
147,3.13.8,3.13.8[c]
148,3.13.9,3.13.9[a]
149,3.13.9,3.13.9[b]
150,3.13.9,3.13.9[c]
151,3.14.1,3.14.1[a]
152,3.14.1,3.14.1[b]
153,3.14.1,3.14.1[c]
154,3.14.1,3.14.1[d]
155,3.14.1,3.14.1[e]
156,3.14.1,3.14.1[f]
157,3.14.2,3.14.2[a]
158,3.14.2,3.14.2[b]
159,3.14.3,3.14.3[a]
160,3.14.3,3.14.3[b]
161,3.14.3,3.14.3[c]
162,3.14.4,3.14.4
163,3.14.5,3.14.5[a]
164,3.14.5,3.14.5[b]
165,3.14.5,3.14.5[c]
166,3.14.6,3.14.6[a]
167,3.14.6,3.14.6[b]
168,3.14.6,3.14.6[c]
169,3.14.7,3.14.7[a]
170,3.14.7,3.14.7[b]
171,3.2.1,3.2.1[a]
172,3.2.1,3.2.1[b]
173,3.2.1,3.2.1[c]
174,3.2.1,3.2.1[d]
175,3.2.2,3.2.2[a]
176,3.2.2,3.2.2[b]
177,3.2.2,3.2.2[c]
178,3.2.3,3.2.3[a]
179,3.2.3,3.2.3[b]
180,3.3.1,3.3.1[a]
181,3.3.1,3.3.1[b]
182,3.3.1,3.3.1[c]
183,3.3.1,3.3.1[d]
184,3.3.1,3.3.1[e]
185,3.3.1,3.3.1[f]
186,3.3.2,3.3.2[a]
187,3.3.2,3.3.2[b]
188,3.3.3,3.3.3[a]
189,3.3.3,3.3.3[b]
190,3.3.3,3.3.3[c]
191,3.3.4,3.3.4[a]
192,3.3.4,3.3.4[b]
193,3.3.4,3.3.4[c]
194,3.3.5,3.3.5[a]
195,3.3.5,3.3.5[b]
196,3.3.6,3.3.6[a]
197,3.3.6,3.3.6[b]
198,3.3.7,3.3.7[a]
199,3.3.7,3.3.7[b]
200,3.3.7,3.3.7[c]
201,3.3.8,3.3.8[a]
202,3.3.8,3.3.8[b]
203,3.3.8,3.3.8[c]
204,3.3.8,3.3.8[d]
205,3.3.8,3.3.8[e]
206,3.3.8,3.3.8[f]
207,3.3.9,3.3.9[a]
208,3.3.9,3.3.9[b]
209,3.4.1,3.4.1[a]
210,3.4.1,3.4.1[b]
211,3.4.1,3.4.1[c]
212,3.4.1,3.4.1[d]
213,3.4.1,3.4.1[e]
214,3.4.1,3.4.1[f]
215,3.4.2,3.4.2[a]
216,3.4.2,3.4.2[b]
217,3.4.3,3.4.3[a]
218,3.4.3,3.4.3[b]
219,3.4.3,3.4.3[c]
220,3.4.3,3.4.3[d]
221,3.4.4,3.4.4
222,3.4.5,3.4.5[a]
223,3.4.5,3.4.5[b]
224,3.4.5,3.4.5[c]
225,3.4.5,3.4.5[d]
226,3.4.5,3.4.5[e]
227,3.4.5,3.4.5[f]
228,3.4.5,3.4.5[g]
229,3.4.5,3.4.5[h]
230,3.4.6,3.4.6[a]
231,3.4.6,3.4.6[b]
232,3.4.7,3.4.7[a]
233,3.4.7,3.4.7[b]
234,3.4.7,3.4.7[c]
235,3.4.7,3.4.7[d]
236,3.4.7,3.4.7[e]
237,3.4.7,3.4.7[f]
238,3.4.7,3.4.7[g]
239,3.4.7,3.4.7[h]
240,3.4.7,3.4.7[i]
241,3.4.7,3.4.7[j]
242,3.4.7,3.4.7[k]
243,3.4.7,3.4.7[l]
244,3.4.7,3.4.7[m]
245,3.4.7,3.4.7[n]
246,3.4.7,3.4.7[o]
247,3.4.8,3.4.8[a]
248,3.4.8,3.4.8[b]
249,3.4.8,3.4.8[c]
250,3.4.9,3.4.9[a]
251,3.4.9,3.4.9[b]
252,3.4.9,3.4.9[c]
253,3.5.1,3.5.1[a]
254,3.5.1,3.5.1[b]
255,3.5.1,3.5.1[c]
256,3.5.10,3.5.10[a]
257,3.5.10,3.5.10[b]
258,3.5.11,3.5.11
259,3.5.2,3.5.2[a]
260,3.5.2,3.5.2[b]
261,3.5.2,3.5.2[c]
262,3.5.3,3.5.3[a]
263,3.5.3,3.5.3[b]
264,3.5.3,3.5.3[c]
265,3.5.3,3.5.3[d]
266,3.5.4,3.5.4
267,3.5.5,3.5.5[a]
268,3.5.5,3.5.5[b]
269,3.5.6,3.5.6[a]
270,3.5.6,3.5.6[b]
271,3.5.7,3.5.7[a]
272,3.5.7,3.5.7[b]
273,3.5.7,3.5.7[c]
274,3.5.7,3.5.7[d]
275,3.5.8,3.5.8[a]
276,3.5.8,3.5.8[b]
277,3.5.9,3.5.9
278,3.6.1,3.6.1[a]
279,3.6.1,3.6.1[b]
280,3.6.1,3.6.1[c]
281,3.6.1,3.6.1[d]
282,3.6.1,3.6.1[e]
283,3.6.1,3.6.1[f]
284,3.6.1,3.6.1[g]
285,3.6.2,3.6.2[a]
286,3.6.2,3.6.2[b]
287,3.6.2,3.6.2[c]
288,3.6.2,3.6.2[d]
289,3.6.2,3.6.2[e]
290,3.6.2,3.6.2[f]
291,3.6.3,3.6.3
292,3.7.1,3.7.1
293,3.7.2,3.7.2[a]
294,3.7.2,3.7.2[b]
295,3.7.2,3.7.2[c]
296,3.7.2,3.7.2[d]
297,3.7.3,3.7.3
298,3.7.4,3.7.4
299,3.7.5,3.7.5[a]
300,3.7.5,3.7.5[b]
301,3.7.6,3.7.6
302,3.8.1,3.8.1[a]
303,3.8.1,3.8.1[b]
304,3.8.1,3.8.1[c]
305,3.8.1,3.8.1[d]
306,3.8.2,3.8.2
307,3.8.3,3.8.3[a]
308,3.8.3,3.8.3[b]
309,3.8.4,3.8.4[a]
310,3.8.4,3.8.4[b]
311,3.8.5,3.8.5[a]
312,3.8.5,3.8.5[b]
313,3.8.6,3.8.6
314,3.8.7,3.8.7
315,3.8.8,3.8.8
316,3.8.9,3.8.9
317,3.9.1,3.9.1
318,3.9.2,3.9.2[a]
319,3.9.2,3.9.2[b]
320,3.9.2,3.9.2[c]
